"SYSTEM", "1", "SYSTEM", "System Start", ""
"main", "2", "SYSTEM", "Thread Start", "main (1)"
"main", "3", "SYSTEM", "Type Load", "class=java.lang.Object"
"main", "4", "SYSTEM", "Type Load", "class=A5_Part2"
"main", "5", "SYSTEM", "Method Call", "caller=SYSTEM, target=A5_Part2#main:1"
"main", "6", "SYSTEM", "Method Entered", ""
"main", "7", "SYSTEM", "Variable Write", "context=A5_Part2#main:1, args=java.lang.String[0] (id=23)"
"main", "8", "SYSTEM", "Line Step", "<source unavailable>"
"main", "9", "SYSTEM", "Type Load", "class=Scheduler.Process"
"main", "10", "SYSTEM", "Type Load", "class=Producer"
"main", "11", "SYSTEM", "New Object", "object=Producer:1"
"main", "12", "SYSTEM", "Method Call", "caller=A5_Part2#main:1, target=Producer:1#Producer:1"
"main", "13", "SYSTEM", "Method Entered", ""
"main", "14", "SYSTEM", "Line Step", "<source unavailable>"
"main", "15", "SYSTEM", "Method Exit", "returner=Producer:1#Producer:1, value=<void>"
"main", "16", "SYSTEM", "Method Returned", ""
"main", "17", "SYSTEM", "Line Step", "<source unavailable>"
"main", "18", "SYSTEM", "Variable Write", "context=A5_Part2#main:1, p=Producer:1"
"main", "19", "SYSTEM", "Line Step", "<source unavailable>"
"main", "20", "SYSTEM", "Type Load", "class=Consumer"
"main", "21", "SYSTEM", "New Object", "object=Consumer:1"
"main", "22", "SYSTEM", "Method Call", "caller=A5_Part2#main:1, target=Consumer:1#Consumer:1"
"main", "23", "SYSTEM", "Method Entered", ""
"main", "24", "SYSTEM", "Line Step", "<source unavailable>"
"main", "25", "SYSTEM", "Method Exit", "returner=Consumer:1#Consumer:1, value=<void>"
"main", "26", "SYSTEM", "Method Returned", ""
"main", "27", "SYSTEM", "Line Step", "<source unavailable>"
"main", "28", "SYSTEM", "Variable Write", "context=A5_Part2#main:1, c=Consumer:1"
"main", "29", "SYSTEM", "Line Step", "<source unavailable>"
"main", "30", "SYSTEM", "Type Load", "class=Circular_Buffer"
"main", "31", "SYSTEM", "New Object", "object=Circular_Buffer:1"
"main", "32", "Circular_Buffer.java:16", "Method Call", "caller=A5_Part2#main:1, target=Circular_Buffer:1#Circular_Buffer:1"
"main", "33", "Circular_Buffer.java:53", "Method Entered", ""
"main", "34", "Circular_Buffer.java:51", "Line Step", "file=Circular_Buffer.java, line=51"
"main", "35", "Circular_Buffer.java:53", "Line Step", "file=Circular_Buffer.java, line=53"
"main", "36", "Circular_Buffer.java:53", "Field Write", "context=Circular_Buffer:1, n=5"
"main", "37", "Circular_Buffer.java:54", "Line Step", "file=Circular_Buffer.java, line=54"
"main", "38", "Circular_Buffer.java:54", "Field Write", "context=Circular_Buffer:1, data=int[5] (id=38)"
"main", "39", "Circular_Buffer.java:55", "Line Step", "file=Circular_Buffer.java, line=55"
"main", "40", "Circular_Buffer.java:55", "Field Write", "context=Circular_Buffer:1, p=0"
"main", "41", "Circular_Buffer.java:56", "Line Step", "file=Circular_Buffer.java, line=56"
"main", "42", "Circular_Buffer.java:56", "Field Write", "context=Circular_Buffer:1, g=0"
"main", "43", "Circular_Buffer.java:57", "Line Step", "file=Circular_Buffer.java, line=57"
"main", "44", "Circular_Buffer.java:57", "Field Write", "context=Circular_Buffer:1, count=0"
"main", "45", "Circular_Buffer.java:51", "Line Step", "file=Circular_Buffer.java, line=51"
"main", "46", "Circular_Buffer.java:51", "Method Exit", "returner=Circular_Buffer:1#Circular_Buffer:1, value=<void>"
"main", "47", "Circular_Buffer.java:16", "Method Returned", ""
"main", "48", "Circular_Buffer.java:16", "Line Step", "file=Circular_Buffer.java, line=16"
"main", "49", "Circular_Buffer.java:16", "Variable Write", "context=A5_Part2#main:1, b=Circular_Buffer:1"
"main", "50", "Circular_Buffer.java:18", "Line Step", "file=Circular_Buffer.java, line=18"
"main", "51", "Circular_Buffer.java:18", "Variable Write", "context=A5_Part2#main:1, arr=Scheduler.Process[3] (id=40)"
"main", "52", "Circular_Buffer.java:19", "Line Step", "file=Circular_Buffer.java, line=19"
"Thread-1", "53", "SYSTEM", "Thread Start", "Thread-1 (43)"
"Thread-1", "54", "SYSTEM", "Method Call", "caller=SYSTEM, target=LProducer;.run()"
"Thread-1", "55", "SYSTEM", "Method Call", "caller=LProducer;.run(), target=Producer:1#run:1"
"Thread-1", "56", "Circular_Buffer.java:30", "Method Entered", ""
"Thread-2", "57", "SYSTEM", "Thread Start", "Thread-2 (44)"
"Thread-2", "58", "SYSTEM", "Method Call", "caller=SYSTEM, target=LConsumer;.run()"
"Thread-2", "59", "SYSTEM", "Method Call", "caller=LConsumer;.run(), target=Consumer:1#run:1"
"Thread-2", "60", "Circular_Buffer.java:39", "Method Entered", ""
"main", "61", "Circular_Buffer.java:19", "Variable Write", "context=A5_Part2#main:1, s=Scheduler.Scheduler (name=Thread-0, id=46)"
"main", "62", "Circular_Buffer.java:22", "Line Step", "file=Circular_Buffer.java, line=22"
"Thread-3", "63", "SYSTEM", "Thread Start", "Thread-3 (45)"
"Thread-3", "64", "SYSTEM", "Method Call", "caller=SYSTEM, target=LCircular_Buffer;.run()"
"Thread-3", "65", "SYSTEM", "Method Call", "caller=LCircular_Buffer;.run(), target=Circular_Buffer:1#run:1"
"Thread-3", "66", "Circular_Buffer.java:77", "Method Entered", ""
"Thread-1", "67", "Circular_Buffer.java:30", "Variable Write", "context=Producer:1#run:1, v=1"
"Thread-1", "68", "Circular_Buffer.java:31", "Line Step", "file=Circular_Buffer.java, line=31"
"main", "69", "Circular_Buffer.java:24", "Line Step", "file=Circular_Buffer.java, line=24"
"Thread-3", "70", "Circular_Buffer.java:83", "Field Read", "context=Circular_Buffer:1, count"
"main", "71", "Circular_Buffer.java:24", "Method Exit", "returner=A5_Part2#main:1, value=<void>"
"Thread-3", "72", "Circular_Buffer.java:84", "Line Step", "file=Circular_Buffer.java, line=84"
"Thread-2", "73", "Circular_Buffer.java:41", "Line Step", "file=Circular_Buffer.java, line=41"
"main", "74", "SYSTEM", "Method Returned", ""
"main", "75", "SYSTEM", "Thread End", ""
"Thread-2", "76", "Circular_Buffer.java:43", "Line Step", "file=Circular_Buffer.java, line=43"
"Thread-1", "77", "Circular_Buffer.java:30", "Line Step", "file=Circular_Buffer.java, line=30"
"Thread-3", "78", "Circular_Buffer.java:85", "Line Step", "file=Circular_Buffer.java, line=85"
"Thread-1", "79", "Circular_Buffer.java:30", "Variable Write", "context=Producer:1#run:1, v=2"
"Thread-1", "80", "Circular_Buffer.java:31", "Line Step", "file=Circular_Buffer.java, line=31"
"Thread-3", "81", "Circular_Buffer.java:85", "Method Call", "caller=Circular_Buffer:1#run:1, target=Circular_Buffer:1#put:1"
"Thread-3", "82", "Circular_Buffer.java:60", "Method Entered", ""
"Thread-3", "83", "Circular_Buffer.java:60", "Variable Write", "context=Circular_Buffer:1#put:1, v=1"
"Thread-3", "84", "Circular_Buffer.java:61", "Line Step", "file=Circular_Buffer.java, line=61"
"Thread-3", "85", "Circular_Buffer.java:61", "Field Read", "context=Circular_Buffer:1, data"
"Thread-3", "86", "Circular_Buffer.java:61", "Field Read", "context=Circular_Buffer:1, p"
"Thread-3", "87", "Circular_Buffer.java:62", "Line Step", "file=Circular_Buffer.java, line=62"
"Thread-3", "88", "Circular_Buffer.java:62", "Field Read", "context=Circular_Buffer:1, p"
"Thread-3", "89", "Circular_Buffer.java:62", "Field Write", "context=Circular_Buffer:1, p=1"
"Thread-3", "90", "Circular_Buffer.java:63", "Line Step", "file=Circular_Buffer.java, line=63"
"Thread-3", "91", "Circular_Buffer.java:63", "Field Write", "context=Circular_Buffer:1, state=""Put:1"""
"Thread-3", "92", "Circular_Buffer.java:64", "Line Step", "file=Circular_Buffer.java, line=64"
"Thread-3", "93", "Circular_Buffer.java:64", "Field Read", "context=Circular_Buffer:1, state"
"Thread-3", "94", "Circular_Buffer.java:65", "Line Step", "file=Circular_Buffer.java, line=65"
"Thread-3", "95", "Circular_Buffer.java:65", "Field Read", "context=Circular_Buffer:1, count"
"Thread-3", "96", "Circular_Buffer.java:65", "Field Write", "context=Circular_Buffer:1, count=1"
"Thread-3", "97", "Circular_Buffer.java:66", "Line Step", "file=Circular_Buffer.java, line=66"
"Thread-3", "98", "Circular_Buffer.java:66", "Method Exit", "returner=Circular_Buffer:1#put:1, value=<void>"
"Thread-3", "99", "Circular_Buffer.java:85", "Method Returned", ""
"Thread-3", "100", "Circular_Buffer.java:88", "Line Step", "file=Circular_Buffer.java, line=88"
"Thread-3", "101", "Circular_Buffer.java:88", "Field Read", "context=Circular_Buffer:1, count"
"Thread-3", "102", "Circular_Buffer.java:92", "Line Step", "file=Circular_Buffer.java, line=92"
"Thread-3", "103", "Circular_Buffer.java:92", "Field Read", "context=Circular_Buffer:1, count"
"Thread-3", "104", "Circular_Buffer.java:92", "Field Read", "context=Circular_Buffer:1, count"
"Thread-3", "105", "Circular_Buffer.java:93", "Line Step", "file=Circular_Buffer.java, line=93"
"Thread-3", "106", "Circular_Buffer.java:93", "Field Read", "context=Circular_Buffer:1, data"
"Thread-3", "107", "Circular_Buffer.java:93", "Field Read", "context=Circular_Buffer:1, g"
"Thread-3", "108", "Circular_Buffer.java:94", "Line Step", "file=Circular_Buffer.java, line=94"
"Thread-2", "109", "Circular_Buffer.java:44", "Line Step", "file=Circular_Buffer.java, line=44"
"Thread-3", "110", "Circular_Buffer.java:99", "Line Step", "file=Circular_Buffer.java, line=99"
"Thread-2", "111", "Circular_Buffer.java:39", "Line Step", "file=Circular_Buffer.java, line=39"
"Thread-3", "112", "Circular_Buffer.java:99", "Method Call", "caller=Circular_Buffer:1#run:1, target=Circular_Buffer:1#get:1"
"Thread-3", "113", "Circular_Buffer.java:68", "Method Entered", ""
"Thread-3", "114", "Circular_Buffer.java:69", "Line Step", "file=Circular_Buffer.java, line=69"
"Thread-2", "115", "Circular_Buffer.java:40", "Line Step", "file=Circular_Buffer.java, line=40"
"Thread-3", "116", "Circular_Buffer.java:69", "Field Read", "context=Circular_Buffer:1, data"
"Thread-3", "117", "Circular_Buffer.java:69", "Field Read", "context=Circular_Buffer:1, g"
"Thread-3", "118", "Circular_Buffer.java:69", "Variable Write", "context=Circular_Buffer:1#get:1, v=1"
"Thread-3", "119", "Circular_Buffer.java:70", "Line Step", "file=Circular_Buffer.java, line=70"
"Thread-2", "120", "Circular_Buffer.java:41", "Line Step", "file=Circular_Buffer.java, line=41"
"Thread-3", "121", "Circular_Buffer.java:70", "Field Read", "context=Circular_Buffer:1, g"
"Thread-2", "122", "Circular_Buffer.java:43", "Line Step", "file=Circular_Buffer.java, line=43"
"Thread-3", "123", "Circular_Buffer.java:70", "Field Write", "context=Circular_Buffer:1, g=1"
"Thread-3", "124", "Circular_Buffer.java:71", "Line Step", "file=Circular_Buffer.java, line=71"
"Thread-3", "125", "Circular_Buffer.java:71", "Field Read", "context=Circular_Buffer:1, count"
"Thread-3", "126", "Circular_Buffer.java:71", "Field Write", "context=Circular_Buffer:1, count=0"
"Thread-3", "127", "Circular_Buffer.java:72", "Line Step", "file=Circular_Buffer.java, line=72"
"Thread-3", "128", "Circular_Buffer.java:72", "Field Write", "context=Circular_Buffer:1, state=""Get:1"""
"Thread-3", "129", "Circular_Buffer.java:73", "Line Step", "file=Circular_Buffer.java, line=73"
"Thread-3", "130", "Circular_Buffer.java:73", "Field Read", "context=Circular_Buffer:1, state"
"Thread-3", "131", "Circular_Buffer.java:74", "Line Step", "file=Circular_Buffer.java, line=74"
"Thread-3", "132", "Circular_Buffer.java:74", "Variable Write", "context=Circular_Buffer:1#get:1, result=1"
"Thread-3", "133", "Circular_Buffer.java:74", "Method Exit", "returner=Circular_Buffer:1#get:1, value=1"
"Thread-3", "134", "Circular_Buffer.java:99", "Method Returned", ""
"Thread-3", "135", "Circular_Buffer.java:99", "Line Step", "file=Circular_Buffer.java, line=99"
"Thread-3", "136", "Circular_Buffer.java:78", "Line Step", "file=Circular_Buffer.java, line=78"
"Thread-3", "137", "Circular_Buffer.java:83", "Line Step", "file=Circular_Buffer.java, line=83"
"Thread-3", "138", "Circular_Buffer.java:83", "Field Read", "context=Circular_Buffer:1, count"
"Thread-3", "139", "Circular_Buffer.java:84", "Line Step", "file=Circular_Buffer.java, line=84"
"Thread-3", "140", "Circular_Buffer.java:85", "Line Step", "file=Circular_Buffer.java, line=85"
"Thread-1", "141", "Circular_Buffer.java:30", "Line Step", "file=Circular_Buffer.java, line=30"
"Thread-3", "142", "Circular_Buffer.java:85", "Method Call", "caller=Circular_Buffer:1#run:1, target=Circular_Buffer:1#put:2"
"Thread-3", "143", "Circular_Buffer.java:60", "Method Entered", ""
"Thread-3", "144", "Circular_Buffer.java:60", "Variable Write", "context=Circular_Buffer:1#put:2, v=2"
"Thread-3", "145", "Circular_Buffer.java:61", "Line Step", "file=Circular_Buffer.java, line=61"
"Thread-1", "146", "Circular_Buffer.java:30", "Variable Write", "context=Producer:1#run:1, v=3"
"Thread-1", "147", "Circular_Buffer.java:31", "Line Step", "file=Circular_Buffer.java, line=31"
"Thread-3", "148", "Circular_Buffer.java:61", "Field Read", "context=Circular_Buffer:1, data"
"Thread-3", "149", "Circular_Buffer.java:61", "Field Read", "context=Circular_Buffer:1, p"
"Thread-3", "150", "Circular_Buffer.java:62", "Line Step", "file=Circular_Buffer.java, line=62"
"Thread-3", "151", "Circular_Buffer.java:62", "Field Read", "context=Circular_Buffer:1, p"
"Thread-3", "152", "Circular_Buffer.java:62", "Field Write", "context=Circular_Buffer:1, p=2"
"Thread-3", "153", "Circular_Buffer.java:63", "Line Step", "file=Circular_Buffer.java, line=63"
"Thread-3", "154", "Circular_Buffer.java:63", "Field Write", "context=Circular_Buffer:1, state=""Put:2"""
"Thread-3", "155", "Circular_Buffer.java:64", "Line Step", "file=Circular_Buffer.java, line=64"
"Thread-3", "156", "Circular_Buffer.java:64", "Field Read", "context=Circular_Buffer:1, state"
"Thread-3", "157", "Circular_Buffer.java:65", "Line Step", "file=Circular_Buffer.java, line=65"
"Thread-3", "158", "Circular_Buffer.java:65", "Field Read", "context=Circular_Buffer:1, count"
"Thread-3", "159", "Circular_Buffer.java:65", "Field Write", "context=Circular_Buffer:1, count=1"
"Thread-3", "160", "Circular_Buffer.java:66", "Line Step", "file=Circular_Buffer.java, line=66"
"Thread-3", "161", "Circular_Buffer.java:66", "Method Exit", "returner=Circular_Buffer:1#put:2, value=<void>"
"Thread-3", "162", "Circular_Buffer.java:85", "Method Returned", ""
"Thread-3", "163", "Circular_Buffer.java:88", "Line Step", "file=Circular_Buffer.java, line=88"
"Thread-3", "164", "Circular_Buffer.java:88", "Field Read", "context=Circular_Buffer:1, count"
"Thread-3", "165", "Circular_Buffer.java:92", "Line Step", "file=Circular_Buffer.java, line=92"
"Thread-3", "166", "Circular_Buffer.java:92", "Field Read", "context=Circular_Buffer:1, count"
"Thread-3", "167", "Circular_Buffer.java:92", "Field Read", "context=Circular_Buffer:1, count"
"Thread-3", "168", "Circular_Buffer.java:93", "Line Step", "file=Circular_Buffer.java, line=93"
"Thread-3", "169", "Circular_Buffer.java:93", "Field Read", "context=Circular_Buffer:1, data"
"Thread-3", "170", "Circular_Buffer.java:93", "Field Read", "context=Circular_Buffer:1, g"
"Thread-3", "171", "Circular_Buffer.java:94", "Line Step", "file=Circular_Buffer.java, line=94"
"Thread-2", "172", "Circular_Buffer.java:44", "Line Step", "file=Circular_Buffer.java, line=44"
"Thread-3", "173", "Circular_Buffer.java:99", "Line Step", "file=Circular_Buffer.java, line=99"
"Thread-2", "174", "Circular_Buffer.java:39", "Line Step", "file=Circular_Buffer.java, line=39"
"Thread-3", "175", "Circular_Buffer.java:99", "Method Call", "caller=Circular_Buffer:1#run:1, target=Circular_Buffer:1#get:2"
"Thread-3", "176", "Circular_Buffer.java:68", "Method Entered", ""
"Thread-3", "177", "Circular_Buffer.java:69", "Line Step", "file=Circular_Buffer.java, line=69"
"Thread-2", "178", "Circular_Buffer.java:40", "Line Step", "file=Circular_Buffer.java, line=40"
"Thread-3", "179", "Circular_Buffer.java:69", "Field Read", "context=Circular_Buffer:1, data"
"Thread-3", "180", "Circular_Buffer.java:69", "Field Read", "context=Circular_Buffer:1, g"
"Thread-3", "181", "Circular_Buffer.java:69", "Variable Write", "context=Circular_Buffer:1#get:2, v=2"
"Thread-3", "182", "Circular_Buffer.java:70", "Line Step", "file=Circular_Buffer.java, line=70"
"Thread-3", "183", "Circular_Buffer.java:70", "Field Read", "context=Circular_Buffer:1, g"
"Thread-3", "184", "Circular_Buffer.java:70", "Field Write", "context=Circular_Buffer:1, g=2"
"Thread-3", "185", "Circular_Buffer.java:71", "Line Step", "file=Circular_Buffer.java, line=71"
"Thread-3", "186", "Circular_Buffer.java:71", "Field Read", "context=Circular_Buffer:1, count"
"Thread-3", "187", "Circular_Buffer.java:71", "Field Write", "context=Circular_Buffer:1, count=0"
"Thread-3", "188", "Circular_Buffer.java:72", "Line Step", "file=Circular_Buffer.java, line=72"
"Thread-3", "189", "Circular_Buffer.java:72", "Field Write", "context=Circular_Buffer:1, state=""Get:2"""
"Thread-3", "190", "Circular_Buffer.java:73", "Line Step", "file=Circular_Buffer.java, line=73"
"Thread-3", "191", "Circular_Buffer.java:73", "Field Read", "context=Circular_Buffer:1, state"
"Thread-3", "192", "Circular_Buffer.java:74", "Line Step", "file=Circular_Buffer.java, line=74"
"Thread-3", "193", "Circular_Buffer.java:74", "Variable Write", "context=Circular_Buffer:1#get:2, result=2"
"Thread-3", "194", "Circular_Buffer.java:74", "Method Exit", "returner=Circular_Buffer:1#get:2, value=2"
"Thread-3", "195", "Circular_Buffer.java:99", "Method Returned", ""
"Thread-3", "196", "Circular_Buffer.java:99", "Line Step", "file=Circular_Buffer.java, line=99"
"Thread-3", "197", "Circular_Buffer.java:78", "Line Step", "file=Circular_Buffer.java, line=78"
"Thread-3", "198", "Circular_Buffer.java:83", "Line Step", "file=Circular_Buffer.java, line=83"
"Thread-3", "199", "Circular_Buffer.java:83", "Field Read", "context=Circular_Buffer:1, count"
"Thread-3", "200", "Circular_Buffer.java:84", "Line Step", "file=Circular_Buffer.java, line=84"
"Thread-3", "201", "Circular_Buffer.java:85", "Line Step", "file=Circular_Buffer.java, line=85"
"Thread-1", "202", "Circular_Buffer.java:30", "Line Step", "file=Circular_Buffer.java, line=30"
"Thread-3", "203", "Circular_Buffer.java:85", "Method Call", "caller=Circular_Buffer:1#run:1, target=Circular_Buffer:1#put:3"
"Thread-3", "204", "Circular_Buffer.java:60", "Method Entered", ""
"Thread-3", "205", "Circular_Buffer.java:60", "Variable Write", "context=Circular_Buffer:1#put:3, v=3"
"Thread-3", "206", "Circular_Buffer.java:61", "Line Step", "file=Circular_Buffer.java, line=61"
"Thread-1", "207", "Circular_Buffer.java:30", "Variable Write", "context=Producer:1#run:1, v=4"
"Thread-1", "208", "Circular_Buffer.java:31", "Line Step", "file=Circular_Buffer.java, line=31"
"Thread-3", "209", "Circular_Buffer.java:61", "Field Read", "context=Circular_Buffer:1, data"
"Thread-3", "210", "Circular_Buffer.java:61", "Field Read", "context=Circular_Buffer:1, p"
"Thread-3", "211", "Circular_Buffer.java:62", "Line Step", "file=Circular_Buffer.java, line=62"
"Thread-3", "212", "Circular_Buffer.java:62", "Field Read", "context=Circular_Buffer:1, p"
"Thread-2", "213", "Circular_Buffer.java:41", "Line Step", "file=Circular_Buffer.java, line=41"
"Thread-3", "214", "Circular_Buffer.java:62", "Field Write", "context=Circular_Buffer:1, p=3"
"Thread-2", "215", "Circular_Buffer.java:43", "Line Step", "file=Circular_Buffer.java, line=43"
"Thread-3", "216", "Circular_Buffer.java:63", "Line Step", "file=Circular_Buffer.java, line=63"
"Thread-3", "217", "Circular_Buffer.java:63", "Field Write", "context=Circular_Buffer:1, state=""Put:3"""
"Thread-3", "218", "Circular_Buffer.java:64", "Line Step", "file=Circular_Buffer.java, line=64"
"Thread-3", "219", "Circular_Buffer.java:64", "Field Read", "context=Circular_Buffer:1, state"
"Thread-3", "220", "Circular_Buffer.java:65", "Line Step", "file=Circular_Buffer.java, line=65"
"Thread-3", "221", "Circular_Buffer.java:65", "Field Read", "context=Circular_Buffer:1, count"
"Thread-3", "222", "Circular_Buffer.java:65", "Field Write", "context=Circular_Buffer:1, count=1"
"Thread-3", "223", "Circular_Buffer.java:66", "Line Step", "file=Circular_Buffer.java, line=66"
"Thread-3", "224", "Circular_Buffer.java:66", "Method Exit", "returner=Circular_Buffer:1#put:3, value=<void>"
"Thread-3", "225", "Circular_Buffer.java:85", "Method Returned", ""
"Thread-3", "226", "Circular_Buffer.java:88", "Line Step", "file=Circular_Buffer.java, line=88"
"Thread-3", "227", "Circular_Buffer.java:88", "Field Read", "context=Circular_Buffer:1, count"
"Thread-3", "228", "Circular_Buffer.java:92", "Line Step", "file=Circular_Buffer.java, line=92"
"Thread-3", "229", "Circular_Buffer.java:92", "Field Read", "context=Circular_Buffer:1, count"
"Thread-3", "230", "Circular_Buffer.java:92", "Field Read", "context=Circular_Buffer:1, count"
"Thread-3", "231", "Circular_Buffer.java:93", "Line Step", "file=Circular_Buffer.java, line=93"
"Thread-3", "232", "Circular_Buffer.java:93", "Field Read", "context=Circular_Buffer:1, data"
"Thread-3", "233", "Circular_Buffer.java:93", "Field Read", "context=Circular_Buffer:1, g"
"Thread-1", "234", "Circular_Buffer.java:30", "Line Step", "file=Circular_Buffer.java, line=30"
"Thread-3", "235", "Circular_Buffer.java:94", "Line Step", "file=Circular_Buffer.java, line=94"
"Thread-1", "236", "Circular_Buffer.java:30", "Variable Write", "context=Producer:1#run:1, v=5"
"Thread-1", "237", "Circular_Buffer.java:31", "Line Step", "file=Circular_Buffer.java, line=31"
"Thread-3", "238", "Circular_Buffer.java:96", "Line Step", "file=Circular_Buffer.java, line=96"
"Thread-3", "239", "Circular_Buffer.java:96", "Method Call", "caller=Circular_Buffer:1#run:1, target=Circular_Buffer:1#put:4"
"Thread-3", "240", "Circular_Buffer.java:60", "Method Entered", ""
"Thread-3", "241", "Circular_Buffer.java:60", "Variable Write", "context=Circular_Buffer:1#put:4, v=4"
"Thread-3", "242", "Circular_Buffer.java:61", "Line Step", "file=Circular_Buffer.java, line=61"
"Thread-3", "243", "Circular_Buffer.java:61", "Field Read", "context=Circular_Buffer:1, data"
"Thread-3", "244", "Circular_Buffer.java:61", "Field Read", "context=Circular_Buffer:1, p"
"Thread-3", "245", "Circular_Buffer.java:62", "Line Step", "file=Circular_Buffer.java, line=62"
"Thread-3", "246", "Circular_Buffer.java:62", "Field Read", "context=Circular_Buffer:1, p"
"Thread-3", "247", "Circular_Buffer.java:62", "Field Write", "context=Circular_Buffer:1, p=4"
"Thread-3", "248", "Circular_Buffer.java:63", "Line Step", "file=Circular_Buffer.java, line=63"
"Thread-3", "249", "Circular_Buffer.java:63", "Field Write", "context=Circular_Buffer:1, state=""Put:4"""
"Thread-3", "250", "Circular_Buffer.java:64", "Line Step", "file=Circular_Buffer.java, line=64"
"Thread-3", "251", "Circular_Buffer.java:64", "Field Read", "context=Circular_Buffer:1, state"
"Thread-3", "252", "Circular_Buffer.java:65", "Line Step", "file=Circular_Buffer.java, line=65"
"Thread-3", "253", "Circular_Buffer.java:65", "Field Read", "context=Circular_Buffer:1, count"
"Thread-3", "254", "Circular_Buffer.java:65", "Field Write", "context=Circular_Buffer:1, count=2"
"Thread-3", "255", "Circular_Buffer.java:66", "Line Step", "file=Circular_Buffer.java, line=66"
"Thread-3", "256", "Circular_Buffer.java:66", "Method Exit", "returner=Circular_Buffer:1#put:4, value=<void>"
"Thread-3", "257", "Circular_Buffer.java:96", "Method Returned", ""
"Thread-3", "258", "Circular_Buffer.java:97", "Line Step", "file=Circular_Buffer.java, line=97"
"Thread-3", "259", "Circular_Buffer.java:83", "Line Step", "file=Circular_Buffer.java, line=83"
"Thread-3", "260", "Circular_Buffer.java:83", "Field Read", "context=Circular_Buffer:1, count"
"Thread-3", "261", "Circular_Buffer.java:88", "Line Step", "file=Circular_Buffer.java, line=88"
"Thread-3", "262", "Circular_Buffer.java:88", "Field Read", "context=Circular_Buffer:1, count"
"Thread-3", "263", "Circular_Buffer.java:92", "Line Step", "file=Circular_Buffer.java, line=92"
"Thread-3", "264", "Circular_Buffer.java:92", "Field Read", "context=Circular_Buffer:1, count"
"Thread-3", "265", "Circular_Buffer.java:92", "Field Read", "context=Circular_Buffer:1, count"
"Thread-3", "266", "Circular_Buffer.java:93", "Line Step", "file=Circular_Buffer.java, line=93"
"Thread-3", "267", "Circular_Buffer.java:93", "Field Read", "context=Circular_Buffer:1, data"
"Thread-3", "268", "Circular_Buffer.java:93", "Field Read", "context=Circular_Buffer:1, g"
"Thread-3", "269", "Circular_Buffer.java:94", "Line Step", "file=Circular_Buffer.java, line=94"
"Thread-2", "270", "Circular_Buffer.java:44", "Line Step", "file=Circular_Buffer.java, line=44"
"Thread-3", "271", "Circular_Buffer.java:99", "Line Step", "file=Circular_Buffer.java, line=99"
"Thread-2", "272", "Circular_Buffer.java:39", "Line Step", "file=Circular_Buffer.java, line=39"
"Thread-3", "273", "Circular_Buffer.java:99", "Method Call", "caller=Circular_Buffer:1#run:1, target=Circular_Buffer:1#get:3"
"Thread-3", "274", "Circular_Buffer.java:68", "Method Entered", ""
"Thread-3", "275", "Circular_Buffer.java:69", "Line Step", "file=Circular_Buffer.java, line=69"
"Thread-2", "276", "Circular_Buffer.java:40", "Line Step", "file=Circular_Buffer.java, line=40"
"Thread-3", "277", "Circular_Buffer.java:69", "Field Read", "context=Circular_Buffer:1, data"
"Thread-3", "278", "Circular_Buffer.java:69", "Field Read", "context=Circular_Buffer:1, g"
"Thread-3", "279", "Circular_Buffer.java:69", "Variable Write", "context=Circular_Buffer:1#get:3, v=3"
"Thread-3", "280", "Circular_Buffer.java:70", "Line Step", "file=Circular_Buffer.java, line=70"
"Thread-3", "281", "Circular_Buffer.java:70", "Field Read", "context=Circular_Buffer:1, g"
"Thread-3", "282", "Circular_Buffer.java:70", "Field Write", "context=Circular_Buffer:1, g=3"
"Thread-3", "283", "Circular_Buffer.java:71", "Line Step", "file=Circular_Buffer.java, line=71"
"Thread-2", "284", "Circular_Buffer.java:41", "Line Step", "file=Circular_Buffer.java, line=41"
"Thread-3", "285", "Circular_Buffer.java:71", "Field Read", "context=Circular_Buffer:1, count"
"Thread-2", "286", "Circular_Buffer.java:43", "Line Step", "file=Circular_Buffer.java, line=43"
"Thread-3", "287", "Circular_Buffer.java:71", "Field Write", "context=Circular_Buffer:1, count=1"
"Thread-3", "288", "Circular_Buffer.java:72", "Line Step", "file=Circular_Buffer.java, line=72"
"Thread-3", "289", "Circular_Buffer.java:72", "Field Write", "context=Circular_Buffer:1, state=""Get:3"""
"Thread-3", "290", "Circular_Buffer.java:73", "Line Step", "file=Circular_Buffer.java, line=73"
"Thread-3", "291", "Circular_Buffer.java:73", "Field Read", "context=Circular_Buffer:1, state"
"Thread-3", "292", "Circular_Buffer.java:74", "Line Step", "file=Circular_Buffer.java, line=74"
"Thread-3", "293", "Circular_Buffer.java:74", "Variable Write", "context=Circular_Buffer:1#get:3, result=3"
"Thread-3", "294", "Circular_Buffer.java:74", "Method Exit", "returner=Circular_Buffer:1#get:3, value=3"
"Thread-3", "295", "Circular_Buffer.java:99", "Method Returned", ""
"Thread-3", "296", "Circular_Buffer.java:99", "Line Step", "file=Circular_Buffer.java, line=99"
"Thread-3", "297", "Circular_Buffer.java:78", "Line Step", "file=Circular_Buffer.java, line=78"
"Thread-3", "298", "Circular_Buffer.java:83", "Line Step", "file=Circular_Buffer.java, line=83"
"Thread-3", "299", "Circular_Buffer.java:83", "Field Read", "context=Circular_Buffer:1, count"
"Thread-3", "300", "Circular_Buffer.java:88", "Line Step", "file=Circular_Buffer.java, line=88"
"Thread-3", "301", "Circular_Buffer.java:88", "Field Read", "context=Circular_Buffer:1, count"
"Thread-3", "302", "Circular_Buffer.java:92", "Line Step", "file=Circular_Buffer.java, line=92"
"Thread-3", "303", "Circular_Buffer.java:92", "Field Read", "context=Circular_Buffer:1, count"
"Thread-3", "304", "Circular_Buffer.java:92", "Field Read", "context=Circular_Buffer:1, count"
"Thread-3", "305", "Circular_Buffer.java:93", "Line Step", "file=Circular_Buffer.java, line=93"
"Thread-3", "306", "Circular_Buffer.java:93", "Field Read", "context=Circular_Buffer:1, data"
"Thread-3", "307", "Circular_Buffer.java:93", "Field Read", "context=Circular_Buffer:1, g"
"Thread-3", "308", "Circular_Buffer.java:94", "Line Step", "file=Circular_Buffer.java, line=94"
"Thread-1", "309", "Circular_Buffer.java:30", "Line Step", "file=Circular_Buffer.java, line=30"
"Thread-3", "310", "Circular_Buffer.java:96", "Line Step", "file=Circular_Buffer.java, line=96"
"Thread-1", "311", "Circular_Buffer.java:30", "Variable Write", "context=Producer:1#run:1, v=6"
"Thread-1", "312", "Circular_Buffer.java:31", "Line Step", "file=Circular_Buffer.java, line=31"
"Thread-3", "313", "Circular_Buffer.java:96", "Method Call", "caller=Circular_Buffer:1#run:1, target=Circular_Buffer:1#put:5"
"Thread-3", "314", "Circular_Buffer.java:60", "Method Entered", ""
"Thread-3", "315", "Circular_Buffer.java:60", "Variable Write", "context=Circular_Buffer:1#put:5, v=5"
"Thread-3", "316", "Circular_Buffer.java:61", "Line Step", "file=Circular_Buffer.java, line=61"
"Thread-3", "317", "Circular_Buffer.java:61", "Field Read", "context=Circular_Buffer:1, data"
"Thread-3", "318", "Circular_Buffer.java:61", "Field Read", "context=Circular_Buffer:1, p"
"Thread-3", "319", "Circular_Buffer.java:62", "Line Step", "file=Circular_Buffer.java, line=62"
"Thread-3", "320", "Circular_Buffer.java:62", "Field Read", "context=Circular_Buffer:1, p"
"Thread-3", "321", "Circular_Buffer.java:62", "Field Write", "context=Circular_Buffer:1, p=0"
"Thread-3", "322", "Circular_Buffer.java:63", "Line Step", "file=Circular_Buffer.java, line=63"
"Thread-3", "323", "Circular_Buffer.java:63", "Field Write", "context=Circular_Buffer:1, state=""Put:5"""
"Thread-3", "324", "Circular_Buffer.java:64", "Line Step", "file=Circular_Buffer.java, line=64"
"Thread-3", "325", "Circular_Buffer.java:64", "Field Read", "context=Circular_Buffer:1, state"
"Thread-3", "326", "Circular_Buffer.java:65", "Line Step", "file=Circular_Buffer.java, line=65"
"Thread-3", "327", "Circular_Buffer.java:65", "Field Read", "context=Circular_Buffer:1, count"
"Thread-3", "328", "Circular_Buffer.java:65", "Field Write", "context=Circular_Buffer:1, count=2"
"Thread-3", "329", "Circular_Buffer.java:66", "Line Step", "file=Circular_Buffer.java, line=66"
"Thread-3", "330", "Circular_Buffer.java:66", "Method Exit", "returner=Circular_Buffer:1#put:5, value=<void>"
"Thread-3", "331", "Circular_Buffer.java:96", "Method Returned", ""
"Thread-3", "332", "Circular_Buffer.java:97", "Line Step", "file=Circular_Buffer.java, line=97"
"Thread-3", "333", "Circular_Buffer.java:83", "Line Step", "file=Circular_Buffer.java, line=83"
"Thread-3", "334", "Circular_Buffer.java:83", "Field Read", "context=Circular_Buffer:1, count"
"Thread-3", "335", "Circular_Buffer.java:88", "Line Step", "file=Circular_Buffer.java, line=88"
"Thread-3", "336", "Circular_Buffer.java:88", "Field Read", "context=Circular_Buffer:1, count"
"Thread-3", "337", "Circular_Buffer.java:92", "Line Step", "file=Circular_Buffer.java, line=92"
"Thread-3", "338", "Circular_Buffer.java:92", "Field Read", "context=Circular_Buffer:1, count"
"Thread-3", "339", "Circular_Buffer.java:92", "Field Read", "context=Circular_Buffer:1, count"
"Thread-3", "340", "Circular_Buffer.java:93", "Line Step", "file=Circular_Buffer.java, line=93"
"Thread-3", "341", "Circular_Buffer.java:93", "Field Read", "context=Circular_Buffer:1, data"
"Thread-3", "342", "Circular_Buffer.java:93", "Field Read", "context=Circular_Buffer:1, g"
"Thread-2", "343", "Circular_Buffer.java:44", "Line Step", "file=Circular_Buffer.java, line=44"
"Thread-3", "344", "Circular_Buffer.java:94", "Line Step", "file=Circular_Buffer.java, line=94"
"Thread-2", "345", "Circular_Buffer.java:39", "Line Step", "file=Circular_Buffer.java, line=39"
"Thread-3", "346", "Circular_Buffer.java:99", "Line Step", "file=Circular_Buffer.java, line=99"
"Thread-2", "347", "Circular_Buffer.java:40", "Line Step", "file=Circular_Buffer.java, line=40"
"Thread-3", "348", "Circular_Buffer.java:99", "Method Call", "caller=Circular_Buffer:1#run:1, target=Circular_Buffer:1#get:4"
"Thread-3", "349", "Circular_Buffer.java:68", "Method Entered", ""
"Thread-3", "350", "Circular_Buffer.java:69", "Line Step", "file=Circular_Buffer.java, line=69"
"Thread-3", "351", "Circular_Buffer.java:69", "Field Read", "context=Circular_Buffer:1, data"
"Thread-3", "352", "Circular_Buffer.java:69", "Field Read", "context=Circular_Buffer:1, g"
"Thread-3", "353", "Circular_Buffer.java:69", "Variable Write", "context=Circular_Buffer:1#get:4, v=4"
"Thread-3", "354", "Circular_Buffer.java:70", "Line Step", "file=Circular_Buffer.java, line=70"
"Thread-3", "355", "Circular_Buffer.java:70", "Field Read", "context=Circular_Buffer:1, g"
"Thread-3", "356", "Circular_Buffer.java:70", "Field Write", "context=Circular_Buffer:1, g=4"
"Thread-3", "357", "Circular_Buffer.java:71", "Line Step", "file=Circular_Buffer.java, line=71"
"Thread-3", "358", "Circular_Buffer.java:71", "Field Read", "context=Circular_Buffer:1, count"
"Thread-3", "359", "Circular_Buffer.java:71", "Field Write", "context=Circular_Buffer:1, count=1"
"Thread-3", "360", "Circular_Buffer.java:72", "Line Step", "file=Circular_Buffer.java, line=72"
"Thread-3", "361", "Circular_Buffer.java:72", "Field Write", "context=Circular_Buffer:1, state=""Get:4"""
"Thread-3", "362", "Circular_Buffer.java:73", "Line Step", "file=Circular_Buffer.java, line=73"
"Thread-3", "363", "Circular_Buffer.java:73", "Field Read", "context=Circular_Buffer:1, state"
"Thread-3", "364", "Circular_Buffer.java:74", "Line Step", "file=Circular_Buffer.java, line=74"
"Thread-3", "365", "Circular_Buffer.java:74", "Variable Write", "context=Circular_Buffer:1#get:4, result=4"
"Thread-3", "366", "Circular_Buffer.java:74", "Method Exit", "returner=Circular_Buffer:1#get:4, value=4"
"Thread-3", "367", "Circular_Buffer.java:99", "Method Returned", ""
"Thread-3", "368", "Circular_Buffer.java:99", "Line Step", "file=Circular_Buffer.java, line=99"
"Thread-3", "369", "Circular_Buffer.java:78", "Line Step", "file=Circular_Buffer.java, line=78"
"Thread-3", "370", "Circular_Buffer.java:83", "Line Step", "file=Circular_Buffer.java, line=83"
"Thread-3", "371", "Circular_Buffer.java:83", "Field Read", "context=Circular_Buffer:1, count"
"Thread-3", "372", "Circular_Buffer.java:88", "Line Step", "file=Circular_Buffer.java, line=88"
"Thread-3", "373", "Circular_Buffer.java:88", "Field Read", "context=Circular_Buffer:1, count"
"Thread-3", "374", "Circular_Buffer.java:92", "Line Step", "file=Circular_Buffer.java, line=92"
"Thread-3", "375", "Circular_Buffer.java:92", "Field Read", "context=Circular_Buffer:1, count"
"Thread-3", "376", "Circular_Buffer.java:92", "Field Read", "context=Circular_Buffer:1, count"
"Thread-3", "377", "Circular_Buffer.java:93", "Line Step", "file=Circular_Buffer.java, line=93"
"Thread-3", "378", "Circular_Buffer.java:93", "Field Read", "context=Circular_Buffer:1, data"
"Thread-3", "379", "Circular_Buffer.java:93", "Field Read", "context=Circular_Buffer:1, g"
"Thread-1", "380", "Circular_Buffer.java:30", "Line Step", "file=Circular_Buffer.java, line=30"
"Thread-3", "381", "Circular_Buffer.java:94", "Line Step", "file=Circular_Buffer.java, line=94"
"Thread-1", "382", "Circular_Buffer.java:30", "Variable Write", "context=Producer:1#run:1, v=7"
"Thread-1", "383", "Circular_Buffer.java:31", "Line Step", "file=Circular_Buffer.java, line=31"
"Thread-3", "384", "Circular_Buffer.java:96", "Line Step", "file=Circular_Buffer.java, line=96"
"Thread-3", "385", "Circular_Buffer.java:96", "Method Call", "caller=Circular_Buffer:1#run:1, target=Circular_Buffer:1#put:6"
"Thread-3", "386", "Circular_Buffer.java:60", "Method Entered", ""
"Thread-3", "387", "Circular_Buffer.java:60", "Variable Write", "context=Circular_Buffer:1#put:6, v=6"
"Thread-3", "388", "Circular_Buffer.java:61", "Line Step", "file=Circular_Buffer.java, line=61"
"Thread-3", "389", "Circular_Buffer.java:61", "Field Read", "context=Circular_Buffer:1, data"
"Thread-3", "390", "Circular_Buffer.java:61", "Field Read", "context=Circular_Buffer:1, p"
"Thread-3", "391", "Circular_Buffer.java:62", "Line Step", "file=Circular_Buffer.java, line=62"
"Thread-3", "392", "Circular_Buffer.java:62", "Field Read", "context=Circular_Buffer:1, p"
"Thread-3", "393", "Circular_Buffer.java:62", "Field Write", "context=Circular_Buffer:1, p=1"
"Thread-2", "394", "Circular_Buffer.java:41", "Line Step", "file=Circular_Buffer.java, line=41"
"Thread-3", "395", "Circular_Buffer.java:63", "Line Step", "file=Circular_Buffer.java, line=63"
"Thread-2", "396", "Circular_Buffer.java:43", "Line Step", "file=Circular_Buffer.java, line=43"
"Thread-3", "397", "Circular_Buffer.java:63", "Field Write", "context=Circular_Buffer:1, state=""Put:6"""
"Thread-3", "398", "Circular_Buffer.java:64", "Line Step", "file=Circular_Buffer.java, line=64"
"Thread-3", "399", "Circular_Buffer.java:64", "Field Read", "context=Circular_Buffer:1, state"
"Thread-3", "400", "Circular_Buffer.java:65", "Line Step", "file=Circular_Buffer.java, line=65"
"Thread-3", "401", "Circular_Buffer.java:65", "Field Read", "context=Circular_Buffer:1, count"
"Thread-3", "402", "Circular_Buffer.java:65", "Field Write", "context=Circular_Buffer:1, count=2"
"Thread-3", "403", "Circular_Buffer.java:66", "Line Step", "file=Circular_Buffer.java, line=66"
"Thread-3", "404", "Circular_Buffer.java:66", "Method Exit", "returner=Circular_Buffer:1#put:6, value=<void>"
"Thread-3", "405", "Circular_Buffer.java:96", "Method Returned", ""
"Thread-3", "406", "Circular_Buffer.java:97", "Line Step", "file=Circular_Buffer.java, line=97"
"Thread-3", "407", "Circular_Buffer.java:83", "Line Step", "file=Circular_Buffer.java, line=83"
"Thread-3", "408", "Circular_Buffer.java:83", "Field Read", "context=Circular_Buffer:1, count"
"Thread-3", "409", "Circular_Buffer.java:88", "Line Step", "file=Circular_Buffer.java, line=88"
"Thread-3", "410", "Circular_Buffer.java:88", "Field Read", "context=Circular_Buffer:1, count"
"Thread-3", "411", "Circular_Buffer.java:92", "Line Step", "file=Circular_Buffer.java, line=92"
"Thread-3", "412", "Circular_Buffer.java:92", "Field Read", "context=Circular_Buffer:1, count"
"Thread-3", "413", "Circular_Buffer.java:92", "Field Read", "context=Circular_Buffer:1, count"
"Thread-3", "414", "Circular_Buffer.java:93", "Line Step", "file=Circular_Buffer.java, line=93"
"Thread-3", "415", "Circular_Buffer.java:93", "Field Read", "context=Circular_Buffer:1, data"
"Thread-3", "416", "Circular_Buffer.java:93", "Field Read", "context=Circular_Buffer:1, g"
"Thread-3", "417", "Circular_Buffer.java:94", "Line Step", "file=Circular_Buffer.java, line=94"
"Thread-1", "418", "Circular_Buffer.java:30", "Line Step", "file=Circular_Buffer.java, line=30"
"Thread-3", "419", "Circular_Buffer.java:96", "Line Step", "file=Circular_Buffer.java, line=96"
"Thread-1", "420", "Circular_Buffer.java:30", "Variable Write", "context=Producer:1#run:1, v=8"
"Thread-1", "421", "Circular_Buffer.java:31", "Line Step", "file=Circular_Buffer.java, line=31"
"Thread-3", "422", "Circular_Buffer.java:96", "Method Call", "caller=Circular_Buffer:1#run:1, target=Circular_Buffer:1#put:7"
"Thread-3", "423", "Circular_Buffer.java:60", "Method Entered", ""
"Thread-3", "424", "Circular_Buffer.java:60", "Variable Write", "context=Circular_Buffer:1#put:7, v=7"
"Thread-3", "425", "Circular_Buffer.java:61", "Line Step", "file=Circular_Buffer.java, line=61"
"Thread-3", "426", "Circular_Buffer.java:61", "Field Read", "context=Circular_Buffer:1, data"
"Thread-3", "427", "Circular_Buffer.java:61", "Field Read", "context=Circular_Buffer:1, p"
"Thread-3", "428", "Circular_Buffer.java:62", "Line Step", "file=Circular_Buffer.java, line=62"
"Thread-3", "429", "Circular_Buffer.java:62", "Field Read", "context=Circular_Buffer:1, p"
"Thread-3", "430", "Circular_Buffer.java:62", "Field Write", "context=Circular_Buffer:1, p=2"
"Thread-3", "431", "Circular_Buffer.java:63", "Line Step", "file=Circular_Buffer.java, line=63"
"Thread-3", "432", "Circular_Buffer.java:63", "Field Write", "context=Circular_Buffer:1, state=""Put:7"""
"Thread-3", "433", "Circular_Buffer.java:64", "Line Step", "file=Circular_Buffer.java, line=64"
"Thread-3", "434", "Circular_Buffer.java:64", "Field Read", "context=Circular_Buffer:1, state"
"Thread-3", "435", "Circular_Buffer.java:65", "Line Step", "file=Circular_Buffer.java, line=65"
"Thread-3", "436", "Circular_Buffer.java:65", "Field Read", "context=Circular_Buffer:1, count"
"Thread-3", "437", "Circular_Buffer.java:65", "Field Write", "context=Circular_Buffer:1, count=3"
"Thread-3", "438", "Circular_Buffer.java:66", "Line Step", "file=Circular_Buffer.java, line=66"
"Thread-3", "439", "Circular_Buffer.java:66", "Method Exit", "returner=Circular_Buffer:1#put:7, value=<void>"
"Thread-3", "440", "Circular_Buffer.java:96", "Method Returned", ""
"Thread-3", "441", "Circular_Buffer.java:97", "Line Step", "file=Circular_Buffer.java, line=97"
"Thread-3", "442", "Circular_Buffer.java:83", "Line Step", "file=Circular_Buffer.java, line=83"
"Thread-3", "443", "Circular_Buffer.java:83", "Field Read", "context=Circular_Buffer:1, count"
"Thread-3", "444", "Circular_Buffer.java:88", "Line Step", "file=Circular_Buffer.java, line=88"
"Thread-3", "445", "Circular_Buffer.java:88", "Field Read", "context=Circular_Buffer:1, count"
"Thread-3", "446", "Circular_Buffer.java:92", "Line Step", "file=Circular_Buffer.java, line=92"
"Thread-3", "447", "Circular_Buffer.java:92", "Field Read", "context=Circular_Buffer:1, count"
"Thread-3", "448", "Circular_Buffer.java:92", "Field Read", "context=Circular_Buffer:1, count"
"Thread-3", "449", "Circular_Buffer.java:93", "Line Step", "file=Circular_Buffer.java, line=93"
"Thread-3", "450", "Circular_Buffer.java:93", "Field Read", "context=Circular_Buffer:1, data"
"Thread-3", "451", "Circular_Buffer.java:93", "Field Read", "context=Circular_Buffer:1, g"
"Thread-2", "452", "Circular_Buffer.java:44", "Line Step", "file=Circular_Buffer.java, line=44"
"Thread-3", "453", "Circular_Buffer.java:94", "Line Step", "file=Circular_Buffer.java, line=94"
"Thread-2", "454", "Circular_Buffer.java:39", "Line Step", "file=Circular_Buffer.java, line=39"
"Thread-3", "455", "Circular_Buffer.java:99", "Line Step", "file=Circular_Buffer.java, line=99"
"Thread-2", "456", "Circular_Buffer.java:40", "Line Step", "file=Circular_Buffer.java, line=40"
"Thread-3", "457", "Circular_Buffer.java:99", "Method Call", "caller=Circular_Buffer:1#run:1, target=Circular_Buffer:1#get:5"
"Thread-3", "458", "Circular_Buffer.java:68", "Method Entered", ""
"Thread-3", "459", "Circular_Buffer.java:69", "Line Step", "file=Circular_Buffer.java, line=69"
"Thread-3", "460", "Circular_Buffer.java:69", "Field Read", "context=Circular_Buffer:1, data"
"Thread-3", "461", "Circular_Buffer.java:69", "Field Read", "context=Circular_Buffer:1, g"
"Thread-3", "462", "Circular_Buffer.java:69", "Variable Write", "context=Circular_Buffer:1#get:5, v=5"
"Thread-3", "463", "Circular_Buffer.java:70", "Line Step", "file=Circular_Buffer.java, line=70"
"Thread-3", "464", "Circular_Buffer.java:70", "Field Read", "context=Circular_Buffer:1, g"
"Thread-3", "465", "Circular_Buffer.java:70", "Field Write", "context=Circular_Buffer:1, g=0"
"Thread-3", "466", "Circular_Buffer.java:71", "Line Step", "file=Circular_Buffer.java, line=71"
"Thread-3", "467", "Circular_Buffer.java:71", "Field Read", "context=Circular_Buffer:1, count"
"Thread-3", "468", "Circular_Buffer.java:71", "Field Write", "context=Circular_Buffer:1, count=2"
"Thread-3", "469", "Circular_Buffer.java:72", "Line Step", "file=Circular_Buffer.java, line=72"
"Thread-3", "470", "Circular_Buffer.java:72", "Field Write", "context=Circular_Buffer:1, state=""Get:5"""
"Thread-3", "471", "Circular_Buffer.java:73", "Line Step", "file=Circular_Buffer.java, line=73"
"Thread-3", "472", "Circular_Buffer.java:73", "Field Read", "context=Circular_Buffer:1, state"
"Thread-3", "473", "Circular_Buffer.java:74", "Line Step", "file=Circular_Buffer.java, line=74"
"Thread-3", "474", "Circular_Buffer.java:74", "Variable Write", "context=Circular_Buffer:1#get:5, result=5"
"Thread-3", "475", "Circular_Buffer.java:74", "Method Exit", "returner=Circular_Buffer:1#get:5, value=5"
"Thread-3", "476", "Circular_Buffer.java:99", "Method Returned", ""
"Thread-3", "477", "Circular_Buffer.java:99", "Line Step", "file=Circular_Buffer.java, line=99"
"Thread-3", "478", "Circular_Buffer.java:78", "Line Step", "file=Circular_Buffer.java, line=78"
"Thread-3", "479", "Circular_Buffer.java:83", "Line Step", "file=Circular_Buffer.java, line=83"
"Thread-3", "480", "Circular_Buffer.java:83", "Field Read", "context=Circular_Buffer:1, count"
"Thread-3", "481", "Circular_Buffer.java:88", "Line Step", "file=Circular_Buffer.java, line=88"
"Thread-3", "482", "Circular_Buffer.java:88", "Field Read", "context=Circular_Buffer:1, count"
"Thread-3", "483", "Circular_Buffer.java:92", "Line Step", "file=Circular_Buffer.java, line=92"
"Thread-3", "484", "Circular_Buffer.java:92", "Field Read", "context=Circular_Buffer:1, count"
"Thread-3", "485", "Circular_Buffer.java:92", "Field Read", "context=Circular_Buffer:1, count"
"Thread-3", "486", "Circular_Buffer.java:93", "Line Step", "file=Circular_Buffer.java, line=93"
"Thread-3", "487", "Circular_Buffer.java:93", "Field Read", "context=Circular_Buffer:1, data"
"Thread-3", "488", "Circular_Buffer.java:93", "Field Read", "context=Circular_Buffer:1, g"
"Thread-3", "489", "Circular_Buffer.java:94", "Line Step", "file=Circular_Buffer.java, line=94"
"Thread-1", "490", "Circular_Buffer.java:30", "Line Step", "file=Circular_Buffer.java, line=30"
"Thread-3", "491", "Circular_Buffer.java:96", "Line Step", "file=Circular_Buffer.java, line=96"
"Thread-1", "492", "Circular_Buffer.java:30", "Variable Write", "context=Producer:1#run:1, v=9"
"Thread-1", "493", "Circular_Buffer.java:31", "Line Step", "file=Circular_Buffer.java, line=31"
"Thread-3", "494", "Circular_Buffer.java:96", "Method Call", "caller=Circular_Buffer:1#run:1, target=Circular_Buffer:1#put:8"
"Thread-3", "495", "Circular_Buffer.java:60", "Method Entered", ""
"Thread-3", "496", "Circular_Buffer.java:60", "Variable Write", "context=Circular_Buffer:1#put:8, v=8"
"Thread-3", "497", "Circular_Buffer.java:61", "Line Step", "file=Circular_Buffer.java, line=61"
"Thread-3", "498", "Circular_Buffer.java:61", "Field Read", "context=Circular_Buffer:1, data"
"Thread-3", "499", "Circular_Buffer.java:61", "Field Read", "context=Circular_Buffer:1, p"
"Thread-2", "500", "Circular_Buffer.java:41", "Line Step", "file=Circular_Buffer.java, line=41"
"Thread-3", "501", "Circular_Buffer.java:62", "Line Step", "file=Circular_Buffer.java, line=62"
"Thread-2", "502", "Circular_Buffer.java:43", "Line Step", "file=Circular_Buffer.java, line=43"
"Thread-3", "503", "Circular_Buffer.java:62", "Field Read", "context=Circular_Buffer:1, p"
"Thread-3", "504", "Circular_Buffer.java:62", "Field Write", "context=Circular_Buffer:1, p=3"
"Thread-3", "505", "Circular_Buffer.java:63", "Line Step", "file=Circular_Buffer.java, line=63"
"Thread-3", "506", "Circular_Buffer.java:63", "Field Write", "context=Circular_Buffer:1, state=""Put:8"""
"Thread-3", "507", "Circular_Buffer.java:64", "Line Step", "file=Circular_Buffer.java, line=64"
"Thread-3", "508", "Circular_Buffer.java:64", "Field Read", "context=Circular_Buffer:1, state"
"Thread-3", "509", "Circular_Buffer.java:65", "Line Step", "file=Circular_Buffer.java, line=65"
"Thread-3", "510", "Circular_Buffer.java:65", "Field Read", "context=Circular_Buffer:1, count"
"Thread-3", "511", "Circular_Buffer.java:65", "Field Write", "context=Circular_Buffer:1, count=3"
"Thread-3", "512", "Circular_Buffer.java:66", "Line Step", "file=Circular_Buffer.java, line=66"
"Thread-3", "513", "Circular_Buffer.java:66", "Method Exit", "returner=Circular_Buffer:1#put:8, value=<void>"
"Thread-3", "514", "Circular_Buffer.java:96", "Method Returned", ""
"Thread-3", "515", "Circular_Buffer.java:97", "Line Step", "file=Circular_Buffer.java, line=97"
"Thread-3", "516", "Circular_Buffer.java:83", "Line Step", "file=Circular_Buffer.java, line=83"
"Thread-3", "517", "Circular_Buffer.java:83", "Field Read", "context=Circular_Buffer:1, count"
"Thread-3", "518", "Circular_Buffer.java:88", "Line Step", "file=Circular_Buffer.java, line=88"
"Thread-3", "519", "Circular_Buffer.java:88", "Field Read", "context=Circular_Buffer:1, count"
"Thread-3", "520", "Circular_Buffer.java:92", "Line Step", "file=Circular_Buffer.java, line=92"
"Thread-3", "521", "Circular_Buffer.java:92", "Field Read", "context=Circular_Buffer:1, count"
"Thread-3", "522", "Circular_Buffer.java:92", "Field Read", "context=Circular_Buffer:1, count"
"Thread-3", "523", "Circular_Buffer.java:93", "Line Step", "file=Circular_Buffer.java, line=93"
"Thread-3", "524", "Circular_Buffer.java:93", "Field Read", "context=Circular_Buffer:1, data"
"Thread-3", "525", "Circular_Buffer.java:93", "Field Read", "context=Circular_Buffer:1, g"
"Thread-3", "526", "Circular_Buffer.java:94", "Line Step", "file=Circular_Buffer.java, line=94"
"Thread-1", "527", "Circular_Buffer.java:30", "Line Step", "file=Circular_Buffer.java, line=30"
"Thread-3", "528", "Circular_Buffer.java:96", "Line Step", "file=Circular_Buffer.java, line=96"
"Thread-1", "529", "Circular_Buffer.java:30", "Variable Write", "context=Producer:1#run:1, v=10"
"Thread-1", "530", "Circular_Buffer.java:31", "Line Step", "file=Circular_Buffer.java, line=31"
"Thread-3", "531", "Circular_Buffer.java:96", "Method Call", "caller=Circular_Buffer:1#run:1, target=Circular_Buffer:1#put:9"
"Thread-3", "532", "Circular_Buffer.java:60", "Method Entered", ""
"Thread-3", "533", "Circular_Buffer.java:60", "Variable Write", "context=Circular_Buffer:1#put:9, v=9"
"Thread-3", "534", "Circular_Buffer.java:61", "Line Step", "file=Circular_Buffer.java, line=61"
"Thread-3", "535", "Circular_Buffer.java:61", "Field Read", "context=Circular_Buffer:1, data"
"Thread-3", "536", "Circular_Buffer.java:61", "Field Read", "context=Circular_Buffer:1, p"
"Thread-3", "537", "Circular_Buffer.java:62", "Line Step", "file=Circular_Buffer.java, line=62"
"Thread-3", "538", "Circular_Buffer.java:62", "Field Read", "context=Circular_Buffer:1, p"
"Thread-3", "539", "Circular_Buffer.java:62", "Field Write", "context=Circular_Buffer:1, p=4"
"Thread-3", "540", "Circular_Buffer.java:63", "Line Step", "file=Circular_Buffer.java, line=63"
"Thread-3", "541", "Circular_Buffer.java:63", "Field Write", "context=Circular_Buffer:1, state=""Put:9"""
"Thread-3", "542", "Circular_Buffer.java:64", "Line Step", "file=Circular_Buffer.java, line=64"
"Thread-3", "543", "Circular_Buffer.java:64", "Field Read", "context=Circular_Buffer:1, state"
"Thread-3", "544", "Circular_Buffer.java:65", "Line Step", "file=Circular_Buffer.java, line=65"
"Thread-3", "545", "Circular_Buffer.java:65", "Field Read", "context=Circular_Buffer:1, count"
"Thread-3", "546", "Circular_Buffer.java:65", "Field Write", "context=Circular_Buffer:1, count=4"
"Thread-3", "547", "Circular_Buffer.java:66", "Line Step", "file=Circular_Buffer.java, line=66"
"Thread-3", "548", "Circular_Buffer.java:66", "Method Exit", "returner=Circular_Buffer:1#put:9, value=<void>"
"Thread-3", "549", "Circular_Buffer.java:96", "Method Returned", ""
"Thread-3", "550", "Circular_Buffer.java:97", "Line Step", "file=Circular_Buffer.java, line=97"
"Thread-3", "551", "Circular_Buffer.java:83", "Line Step", "file=Circular_Buffer.java, line=83"
"Thread-3", "552", "Circular_Buffer.java:83", "Field Read", "context=Circular_Buffer:1, count"
"Thread-3", "553", "Circular_Buffer.java:88", "Line Step", "file=Circular_Buffer.java, line=88"
"Thread-3", "554", "Circular_Buffer.java:88", "Field Read", "context=Circular_Buffer:1, count"
"Thread-3", "555", "Circular_Buffer.java:92", "Line Step", "file=Circular_Buffer.java, line=92"
"Thread-3", "556", "Circular_Buffer.java:92", "Field Read", "context=Circular_Buffer:1, count"
"Thread-3", "557", "Circular_Buffer.java:92", "Field Read", "context=Circular_Buffer:1, count"
"Thread-3", "558", "Circular_Buffer.java:93", "Line Step", "file=Circular_Buffer.java, line=93"
"Thread-3", "559", "Circular_Buffer.java:93", "Field Read", "context=Circular_Buffer:1, data"
"Thread-3", "560", "Circular_Buffer.java:93", "Field Read", "context=Circular_Buffer:1, g"
"Thread-2", "561", "Circular_Buffer.java:44", "Line Step", "file=Circular_Buffer.java, line=44"
"Thread-3", "562", "Circular_Buffer.java:94", "Line Step", "file=Circular_Buffer.java, line=94"
"Thread-2", "563", "Circular_Buffer.java:39", "Line Step", "file=Circular_Buffer.java, line=39"
"Thread-3", "564", "Circular_Buffer.java:99", "Line Step", "file=Circular_Buffer.java, line=99"
"Thread-2", "565", "Circular_Buffer.java:40", "Line Step", "file=Circular_Buffer.java, line=40"
"Thread-3", "566", "Circular_Buffer.java:99", "Method Call", "caller=Circular_Buffer:1#run:1, target=Circular_Buffer:1#get:6"
"Thread-3", "567", "Circular_Buffer.java:68", "Method Entered", ""
"Thread-3", "568", "Circular_Buffer.java:69", "Line Step", "file=Circular_Buffer.java, line=69"
"Thread-3", "569", "Circular_Buffer.java:69", "Field Read", "context=Circular_Buffer:1, data"
"Thread-3", "570", "Circular_Buffer.java:69", "Field Read", "context=Circular_Buffer:1, g"
"Thread-3", "571", "Circular_Buffer.java:69", "Variable Write", "context=Circular_Buffer:1#get:6, v=6"
"Thread-3", "572", "Circular_Buffer.java:70", "Line Step", "file=Circular_Buffer.java, line=70"
"Thread-3", "573", "Circular_Buffer.java:70", "Field Read", "context=Circular_Buffer:1, g"
"Thread-3", "574", "Circular_Buffer.java:70", "Field Write", "context=Circular_Buffer:1, g=1"
"Thread-3", "575", "Circular_Buffer.java:71", "Line Step", "file=Circular_Buffer.java, line=71"
"Thread-3", "576", "Circular_Buffer.java:71", "Field Read", "context=Circular_Buffer:1, count"
"Thread-3", "577", "Circular_Buffer.java:71", "Field Write", "context=Circular_Buffer:1, count=3"
"Thread-3", "578", "Circular_Buffer.java:72", "Line Step", "file=Circular_Buffer.java, line=72"
"Thread-3", "579", "Circular_Buffer.java:72", "Field Write", "context=Circular_Buffer:1, state=""Get:6"""
"Thread-3", "580", "Circular_Buffer.java:73", "Line Step", "file=Circular_Buffer.java, line=73"
"Thread-3", "581", "Circular_Buffer.java:73", "Field Read", "context=Circular_Buffer:1, state"
"Thread-3", "582", "Circular_Buffer.java:74", "Line Step", "file=Circular_Buffer.java, line=74"
"Thread-3", "583", "Circular_Buffer.java:74", "Variable Write", "context=Circular_Buffer:1#get:6, result=6"
"Thread-3", "584", "Circular_Buffer.java:74", "Method Exit", "returner=Circular_Buffer:1#get:6, value=6"
"Thread-3", "585", "Circular_Buffer.java:99", "Method Returned", ""
"Thread-3", "586", "Circular_Buffer.java:99", "Line Step", "file=Circular_Buffer.java, line=99"
"Thread-3", "587", "Circular_Buffer.java:78", "Line Step", "file=Circular_Buffer.java, line=78"
"Thread-3", "588", "Circular_Buffer.java:83", "Line Step", "file=Circular_Buffer.java, line=83"
"Thread-3", "589", "Circular_Buffer.java:83", "Field Read", "context=Circular_Buffer:1, count"
"Thread-3", "590", "Circular_Buffer.java:88", "Line Step", "file=Circular_Buffer.java, line=88"
"Thread-2", "591", "Circular_Buffer.java:41", "Line Step", "file=Circular_Buffer.java, line=41"
"Thread-3", "592", "Circular_Buffer.java:88", "Field Read", "context=Circular_Buffer:1, count"
"Thread-2", "593", "Circular_Buffer.java:43", "Line Step", "file=Circular_Buffer.java, line=43"
"Thread-3", "594", "Circular_Buffer.java:92", "Line Step", "file=Circular_Buffer.java, line=92"
"Thread-3", "595", "Circular_Buffer.java:92", "Field Read", "context=Circular_Buffer:1, count"
"Thread-3", "596", "Circular_Buffer.java:92", "Field Read", "context=Circular_Buffer:1, count"
"Thread-3", "597", "Circular_Buffer.java:93", "Line Step", "file=Circular_Buffer.java, line=93"
"Thread-3", "598", "Circular_Buffer.java:93", "Field Read", "context=Circular_Buffer:1, data"
"Thread-3", "599", "Circular_Buffer.java:93", "Field Read", "context=Circular_Buffer:1, g"
"Thread-1", "600", "Circular_Buffer.java:30", "Line Step", "file=Circular_Buffer.java, line=30"
"Thread-3", "601", "Circular_Buffer.java:94", "Line Step", "file=Circular_Buffer.java, line=94"
"Thread-1", "602", "Circular_Buffer.java:33", "Line Step", "file=Circular_Buffer.java, line=33"
"Thread-3", "603", "Circular_Buffer.java:96", "Line Step", "file=Circular_Buffer.java, line=96"
"Thread-1", "604", "Circular_Buffer.java:33", "Method Exit", "returner=Producer:1#run:1, value=<void>"
"Thread-3", "605", "Circular_Buffer.java:96", "Method Call", "caller=Circular_Buffer:1#run:1, target=Circular_Buffer:1#put:10"
"Thread-3", "606", "Circular_Buffer.java:60", "Method Entered", ""
"Thread-3", "607", "Circular_Buffer.java:60", "Variable Write", "context=Circular_Buffer:1#put:10, v=10"
"Thread-3", "608", "Circular_Buffer.java:61", "Line Step", "file=Circular_Buffer.java, line=61"
"Thread-1", "609", "Circular_Buffer.java:33", "Exception Throw", "exception=null, thrower=LProducer;.run(), framePopped=true"
"Thread-1", "610", "SYSTEM", "Method Returned", ""
"Thread-1", "611", "SYSTEM", "Thread End", ""
"Thread-3", "612", "Circular_Buffer.java:61", "Field Read", "context=Circular_Buffer:1, data"
"Thread-3", "613", "Circular_Buffer.java:61", "Field Read", "context=Circular_Buffer:1, p"
"Thread-3", "614", "Circular_Buffer.java:62", "Line Step", "file=Circular_Buffer.java, line=62"
"Thread-3", "615", "Circular_Buffer.java:62", "Field Read", "context=Circular_Buffer:1, p"
"Thread-3", "616", "Circular_Buffer.java:62", "Field Write", "context=Circular_Buffer:1, p=0"
"Thread-3", "617", "Circular_Buffer.java:63", "Line Step", "file=Circular_Buffer.java, line=63"
"Thread-3", "618", "Circular_Buffer.java:63", "Field Write", "context=Circular_Buffer:1, state=""Put:10"""
"Thread-3", "619", "Circular_Buffer.java:64", "Line Step", "file=Circular_Buffer.java, line=64"
"Thread-3", "620", "Circular_Buffer.java:64", "Field Read", "context=Circular_Buffer:1, state"
"Thread-3", "621", "Circular_Buffer.java:65", "Line Step", "file=Circular_Buffer.java, line=65"
"Thread-3", "622", "Circular_Buffer.java:65", "Field Read", "context=Circular_Buffer:1, count"
"Thread-3", "623", "Circular_Buffer.java:65", "Field Write", "context=Circular_Buffer:1, count=4"
"Thread-3", "624", "Circular_Buffer.java:66", "Line Step", "file=Circular_Buffer.java, line=66"
"Thread-3", "625", "Circular_Buffer.java:66", "Method Exit", "returner=Circular_Buffer:1#put:10, value=<void>"
"Thread-3", "626", "Circular_Buffer.java:96", "Method Returned", ""
"Thread-3", "627", "Circular_Buffer.java:97", "Line Step", "file=Circular_Buffer.java, line=97"
"Thread-3", "628", "Circular_Buffer.java:83", "Line Step", "file=Circular_Buffer.java, line=83"
"Thread-3", "629", "Circular_Buffer.java:83", "Field Read", "context=Circular_Buffer:1, count"
"Thread-3", "630", "Circular_Buffer.java:88", "Line Step", "file=Circular_Buffer.java, line=88"
"Thread-3", "631", "Circular_Buffer.java:88", "Field Read", "context=Circular_Buffer:1, count"
"Thread-3", "632", "Circular_Buffer.java:92", "Line Step", "file=Circular_Buffer.java, line=92"
"Thread-3", "633", "Circular_Buffer.java:92", "Field Read", "context=Circular_Buffer:1, count"
"Thread-3", "634", "Circular_Buffer.java:92", "Field Read", "context=Circular_Buffer:1, count"
"Thread-3", "635", "Circular_Buffer.java:93", "Line Step", "file=Circular_Buffer.java, line=93"
"Thread-3", "636", "Circular_Buffer.java:93", "Field Read", "context=Circular_Buffer:1, data"
"Thread-3", "637", "Circular_Buffer.java:93", "Field Read", "context=Circular_Buffer:1, g"
"Thread-2", "638", "Circular_Buffer.java:44", "Line Step", "file=Circular_Buffer.java, line=44"
"Thread-3", "639", "Circular_Buffer.java:94", "Line Step", "file=Circular_Buffer.java, line=94"
"Thread-2", "640", "Circular_Buffer.java:39", "Line Step", "file=Circular_Buffer.java, line=39"
"Thread-3", "641", "Circular_Buffer.java:99", "Line Step", "file=Circular_Buffer.java, line=99"
"Thread-2", "642", "Circular_Buffer.java:40", "Line Step", "file=Circular_Buffer.java, line=40"
"Thread-3", "643", "Circular_Buffer.java:99", "Method Call", "caller=Circular_Buffer:1#run:1, target=Circular_Buffer:1#get:7"
"Thread-3", "644", "Circular_Buffer.java:68", "Method Entered", ""
"Thread-3", "645", "Circular_Buffer.java:69", "Line Step", "file=Circular_Buffer.java, line=69"
"Thread-3", "646", "Circular_Buffer.java:69", "Field Read", "context=Circular_Buffer:1, data"
"Thread-3", "647", "Circular_Buffer.java:69", "Field Read", "context=Circular_Buffer:1, g"
"Thread-3", "648", "Circular_Buffer.java:69", "Variable Write", "context=Circular_Buffer:1#get:7, v=7"
"Thread-3", "649", "Circular_Buffer.java:70", "Line Step", "file=Circular_Buffer.java, line=70"
"Thread-3", "650", "Circular_Buffer.java:70", "Field Read", "context=Circular_Buffer:1, g"
"Thread-3", "651", "Circular_Buffer.java:70", "Field Write", "context=Circular_Buffer:1, g=2"
"Thread-3", "652", "Circular_Buffer.java:71", "Line Step", "file=Circular_Buffer.java, line=71"
"Thread-3", "653", "Circular_Buffer.java:71", "Field Read", "context=Circular_Buffer:1, count"
"Thread-3", "654", "Circular_Buffer.java:71", "Field Write", "context=Circular_Buffer:1, count=3"
"Thread-3", "655", "Circular_Buffer.java:72", "Line Step", "file=Circular_Buffer.java, line=72"
"Thread-2", "656", "Circular_Buffer.java:41", "Line Step", "file=Circular_Buffer.java, line=41"
"Thread-3", "657", "Circular_Buffer.java:72", "Field Write", "context=Circular_Buffer:1, state=""Get:7"""
"Thread-2", "658", "Circular_Buffer.java:43", "Line Step", "file=Circular_Buffer.java, line=43"
"Thread-3", "659", "Circular_Buffer.java:73", "Line Step", "file=Circular_Buffer.java, line=73"
"Thread-3", "660", "Circular_Buffer.java:73", "Field Read", "context=Circular_Buffer:1, state"
"Thread-3", "661", "Circular_Buffer.java:74", "Line Step", "file=Circular_Buffer.java, line=74"
"Thread-3", "662", "Circular_Buffer.java:74", "Variable Write", "context=Circular_Buffer:1#get:7, result=7"
"Thread-3", "663", "Circular_Buffer.java:74", "Method Exit", "returner=Circular_Buffer:1#get:7, value=7"
"Thread-3", "664", "Circular_Buffer.java:99", "Method Returned", ""
"Thread-3", "665", "Circular_Buffer.java:99", "Line Step", "file=Circular_Buffer.java, line=99"
"Thread-3", "666", "Circular_Buffer.java:78", "Line Step", "file=Circular_Buffer.java, line=78"
"Thread-3", "667", "Circular_Buffer.java:83", "Line Step", "file=Circular_Buffer.java, line=83"
"Thread-3", "668", "Circular_Buffer.java:83", "Field Read", "context=Circular_Buffer:1, count"
"Thread-3", "669", "Circular_Buffer.java:88", "Line Step", "file=Circular_Buffer.java, line=88"
"Thread-3", "670", "Circular_Buffer.java:88", "Field Read", "context=Circular_Buffer:1, count"
"Thread-3", "671", "Circular_Buffer.java:92", "Line Step", "file=Circular_Buffer.java, line=92"
"Thread-3", "672", "Circular_Buffer.java:92", "Field Read", "context=Circular_Buffer:1, count"
"Thread-3", "673", "Circular_Buffer.java:92", "Field Read", "context=Circular_Buffer:1, count"
"Thread-3", "674", "Circular_Buffer.java:93", "Line Step", "file=Circular_Buffer.java, line=93"
"Thread-3", "675", "Circular_Buffer.java:93", "Field Read", "context=Circular_Buffer:1, data"
"Thread-3", "676", "Circular_Buffer.java:93", "Field Read", "context=Circular_Buffer:1, g"
"Thread-3", "677", "Circular_Buffer.java:94", "Line Step", "file=Circular_Buffer.java, line=94"
"Thread-2", "678", "Circular_Buffer.java:44", "Line Step", "file=Circular_Buffer.java, line=44"
"Thread-3", "679", "Circular_Buffer.java:99", "Line Step", "file=Circular_Buffer.java, line=99"
"Thread-2", "680", "Circular_Buffer.java:39", "Line Step", "file=Circular_Buffer.java, line=39"
"Thread-3", "681", "Circular_Buffer.java:99", "Method Call", "caller=Circular_Buffer:1#run:1, target=Circular_Buffer:1#get:8"
"Thread-3", "682", "Circular_Buffer.java:68", "Method Entered", ""
"Thread-3", "683", "Circular_Buffer.java:69", "Line Step", "file=Circular_Buffer.java, line=69"
"Thread-2", "684", "Circular_Buffer.java:40", "Line Step", "file=Circular_Buffer.java, line=40"
"Thread-3", "685", "Circular_Buffer.java:69", "Field Read", "context=Circular_Buffer:1, data"
"Thread-3", "686", "Circular_Buffer.java:69", "Field Read", "context=Circular_Buffer:1, g"
"Thread-3", "687", "Circular_Buffer.java:69", "Variable Write", "context=Circular_Buffer:1#get:8, v=8"
"Thread-3", "688", "Circular_Buffer.java:70", "Line Step", "file=Circular_Buffer.java, line=70"
"Thread-3", "689", "Circular_Buffer.java:70", "Field Read", "context=Circular_Buffer:1, g"
"Thread-3", "690", "Circular_Buffer.java:70", "Field Write", "context=Circular_Buffer:1, g=3"
"Thread-3", "691", "Circular_Buffer.java:71", "Line Step", "file=Circular_Buffer.java, line=71"
"Thread-3", "692", "Circular_Buffer.java:71", "Field Read", "context=Circular_Buffer:1, count"
"Thread-3", "693", "Circular_Buffer.java:71", "Field Write", "context=Circular_Buffer:1, count=2"
"Thread-3", "694", "Circular_Buffer.java:72", "Line Step", "file=Circular_Buffer.java, line=72"
"Thread-3", "695", "Circular_Buffer.java:72", "Field Write", "context=Circular_Buffer:1, state=""Get:8"""
"Thread-3", "696", "Circular_Buffer.java:73", "Line Step", "file=Circular_Buffer.java, line=73"
"Thread-3", "697", "Circular_Buffer.java:73", "Field Read", "context=Circular_Buffer:1, state"
"Thread-3", "698", "Circular_Buffer.java:74", "Line Step", "file=Circular_Buffer.java, line=74"
"Thread-3", "699", "Circular_Buffer.java:74", "Variable Write", "context=Circular_Buffer:1#get:8, result=8"
"Thread-3", "700", "Circular_Buffer.java:74", "Method Exit", "returner=Circular_Buffer:1#get:8, value=8"
"Thread-3", "701", "Circular_Buffer.java:99", "Method Returned", ""
"Thread-3", "702", "Circular_Buffer.java:99", "Line Step", "file=Circular_Buffer.java, line=99"
"Thread-3", "703", "Circular_Buffer.java:78", "Line Step", "file=Circular_Buffer.java, line=78"
"Thread-3", "704", "Circular_Buffer.java:83", "Line Step", "file=Circular_Buffer.java, line=83"
"Thread-3", "705", "Circular_Buffer.java:83", "Field Read", "context=Circular_Buffer:1, count"
"Thread-3", "706", "Circular_Buffer.java:88", "Line Step", "file=Circular_Buffer.java, line=88"
"Thread-3", "707", "Circular_Buffer.java:88", "Field Read", "context=Circular_Buffer:1, count"
"Thread-3", "708", "Circular_Buffer.java:92", "Line Step", "file=Circular_Buffer.java, line=92"
"Thread-3", "709", "Circular_Buffer.java:92", "Field Read", "context=Circular_Buffer:1, count"
"Thread-3", "710", "Circular_Buffer.java:92", "Field Read", "context=Circular_Buffer:1, count"
"Thread-3", "711", "Circular_Buffer.java:93", "Line Step", "file=Circular_Buffer.java, line=93"
"Thread-3", "712", "Circular_Buffer.java:93", "Field Read", "context=Circular_Buffer:1, data"
"Thread-3", "713", "Circular_Buffer.java:93", "Field Read", "context=Circular_Buffer:1, g"
"Thread-2", "714", "Circular_Buffer.java:41", "Line Step", "file=Circular_Buffer.java, line=41"
"Thread-2", "715", "Circular_Buffer.java:43", "Line Step", "file=Circular_Buffer.java, line=43"
"Thread-3", "716", "Circular_Buffer.java:94", "Line Step", "file=Circular_Buffer.java, line=94"
"Thread-2", "717", "Circular_Buffer.java:44", "Line Step", "file=Circular_Buffer.java, line=44"
"Thread-3", "718", "Circular_Buffer.java:99", "Line Step", "file=Circular_Buffer.java, line=99"
"Thread-2", "719", "Circular_Buffer.java:39", "Line Step", "file=Circular_Buffer.java, line=39"
"Thread-3", "720", "Circular_Buffer.java:99", "Method Call", "caller=Circular_Buffer:1#run:1, target=Circular_Buffer:1#get:9"
"Thread-3", "721", "Circular_Buffer.java:68", "Method Entered", ""
"Thread-3", "722", "Circular_Buffer.java:69", "Line Step", "file=Circular_Buffer.java, line=69"
"Thread-2", "723", "Circular_Buffer.java:40", "Line Step", "file=Circular_Buffer.java, line=40"
"Thread-3", "724", "Circular_Buffer.java:69", "Field Read", "context=Circular_Buffer:1, data"
"Thread-3", "725", "Circular_Buffer.java:69", "Field Read", "context=Circular_Buffer:1, g"
"Thread-3", "726", "Circular_Buffer.java:69", "Variable Write", "context=Circular_Buffer:1#get:9, v=9"
"Thread-3", "727", "Circular_Buffer.java:70", "Line Step", "file=Circular_Buffer.java, line=70"
"Thread-3", "728", "Circular_Buffer.java:70", "Field Read", "context=Circular_Buffer:1, g"
"Thread-3", "729", "Circular_Buffer.java:70", "Field Write", "context=Circular_Buffer:1, g=4"
"Thread-3", "730", "Circular_Buffer.java:71", "Line Step", "file=Circular_Buffer.java, line=71"
"Thread-3", "731", "Circular_Buffer.java:71", "Field Read", "context=Circular_Buffer:1, count"
"Thread-3", "732", "Circular_Buffer.java:71", "Field Write", "context=Circular_Buffer:1, count=1"
"Thread-3", "733", "Circular_Buffer.java:72", "Line Step", "file=Circular_Buffer.java, line=72"
"Thread-3", "734", "Circular_Buffer.java:72", "Field Write", "context=Circular_Buffer:1, state=""Get:9"""
"Thread-3", "735", "Circular_Buffer.java:73", "Line Step", "file=Circular_Buffer.java, line=73"
"Thread-3", "736", "Circular_Buffer.java:73", "Field Read", "context=Circular_Buffer:1, state"
"Thread-3", "737", "Circular_Buffer.java:74", "Line Step", "file=Circular_Buffer.java, line=74"
"Thread-3", "738", "Circular_Buffer.java:74", "Variable Write", "context=Circular_Buffer:1#get:9, result=9"
"Thread-3", "739", "Circular_Buffer.java:74", "Method Exit", "returner=Circular_Buffer:1#get:9, value=9"
"Thread-3", "740", "Circular_Buffer.java:99", "Method Returned", ""
"Thread-3", "741", "Circular_Buffer.java:99", "Line Step", "file=Circular_Buffer.java, line=99"
"Thread-3", "742", "Circular_Buffer.java:78", "Line Step", "file=Circular_Buffer.java, line=78"
"Thread-3", "743", "Circular_Buffer.java:83", "Line Step", "file=Circular_Buffer.java, line=83"
"Thread-3", "744", "Circular_Buffer.java:83", "Field Read", "context=Circular_Buffer:1, count"
"Thread-3", "745", "Circular_Buffer.java:88", "Line Step", "file=Circular_Buffer.java, line=88"
"Thread-3", "746", "Circular_Buffer.java:88", "Field Read", "context=Circular_Buffer:1, count"
"Thread-3", "747", "Circular_Buffer.java:92", "Line Step", "file=Circular_Buffer.java, line=92"
"Thread-3", "748", "Circular_Buffer.java:92", "Field Read", "context=Circular_Buffer:1, count"
"Thread-2", "749", "Circular_Buffer.java:41", "Line Step", "file=Circular_Buffer.java, line=41"
"Thread-3", "750", "Circular_Buffer.java:92", "Field Read", "context=Circular_Buffer:1, count"
"Thread-2", "751", "Circular_Buffer.java:43", "Line Step", "file=Circular_Buffer.java, line=43"
"Thread-3", "752", "Circular_Buffer.java:93", "Line Step", "file=Circular_Buffer.java, line=93"
"Thread-3", "753", "Circular_Buffer.java:93", "Field Read", "context=Circular_Buffer:1, data"
"Thread-3", "754", "Circular_Buffer.java:93", "Field Read", "context=Circular_Buffer:1, g"
"Thread-3", "755", "Circular_Buffer.java:94", "Line Step", "file=Circular_Buffer.java, line=94"
"Thread-2", "756", "Circular_Buffer.java:44", "Line Step", "file=Circular_Buffer.java, line=44"
"Thread-3", "757", "Circular_Buffer.java:99", "Line Step", "file=Circular_Buffer.java, line=99"
"Thread-2", "758", "Circular_Buffer.java:39", "Line Step", "file=Circular_Buffer.java, line=39"
"Thread-3", "759", "Circular_Buffer.java:99", "Method Call", "caller=Circular_Buffer:1#run:1, target=Circular_Buffer:1#get:10"
"Thread-3", "760", "Circular_Buffer.java:68", "Method Entered", ""
"Thread-3", "761", "Circular_Buffer.java:69", "Line Step", "file=Circular_Buffer.java, line=69"
"Thread-2", "762", "Circular_Buffer.java:40", "Line Step", "file=Circular_Buffer.java, line=40"
"Thread-3", "763", "Circular_Buffer.java:69", "Field Read", "context=Circular_Buffer:1, data"
"Thread-3", "764", "Circular_Buffer.java:69", "Field Read", "context=Circular_Buffer:1, g"
"Thread-3", "765", "Circular_Buffer.java:69", "Variable Write", "context=Circular_Buffer:1#get:10, v=10"
"Thread-3", "766", "Circular_Buffer.java:70", "Line Step", "file=Circular_Buffer.java, line=70"
"Thread-3", "767", "Circular_Buffer.java:70", "Field Read", "context=Circular_Buffer:1, g"
"Thread-2", "768", "Circular_Buffer.java:41", "Line Step", "file=Circular_Buffer.java, line=41"
"Thread-3", "769", "Circular_Buffer.java:70", "Field Write", "context=Circular_Buffer:1, g=0"
"Thread-2", "770", "Circular_Buffer.java:43", "Line Step", "file=Circular_Buffer.java, line=43"
"Thread-3", "771", "Circular_Buffer.java:71", "Line Step", "file=Circular_Buffer.java, line=71"
"Thread-3", "772", "Circular_Buffer.java:71", "Field Read", "context=Circular_Buffer:1, count"
"Thread-3", "773", "Circular_Buffer.java:71", "Field Write", "context=Circular_Buffer:1, count=0"
"Thread-3", "774", "Circular_Buffer.java:72", "Line Step", "file=Circular_Buffer.java, line=72"
"Thread-3", "775", "Circular_Buffer.java:72", "Field Write", "context=Circular_Buffer:1, state=""Get:10"""
"Thread-3", "776", "Circular_Buffer.java:73", "Line Step", "file=Circular_Buffer.java, line=73"
"Thread-3", "777", "Circular_Buffer.java:73", "Field Read", "context=Circular_Buffer:1, state"
"Thread-3", "778", "Circular_Buffer.java:74", "Line Step", "file=Circular_Buffer.java, line=74"
"Thread-3", "779", "Circular_Buffer.java:74", "Variable Write", "context=Circular_Buffer:1#get:10, result=10"
"Thread-3", "780", "Circular_Buffer.java:74", "Method Exit", "returner=Circular_Buffer:1#get:10, value=10"
"Thread-3", "781", "Circular_Buffer.java:99", "Method Returned", ""
"Thread-3", "782", "Circular_Buffer.java:99", "Line Step", "file=Circular_Buffer.java, line=99"
"Thread-3", "783", "Circular_Buffer.java:78", "Line Step", "file=Circular_Buffer.java, line=78"
"Thread-3", "784", "Circular_Buffer.java:83", "Line Step", "file=Circular_Buffer.java, line=83"
"Thread-3", "785", "Circular_Buffer.java:83", "Field Read", "context=Circular_Buffer:1, count"
"Thread-3", "786", "Circular_Buffer.java:84", "Line Step", "file=Circular_Buffer.java, line=84"
